,en,ru,pt-br,es-es,de,fr-fr,it,pl,zh-cn,jp,ko,,NOTES – use \n for newline,max length


text_blankstone_starter_stone_desc,"[Some words carved into the stone are still legible]\nKnowledge is found in bo.ks sc..tered throughout the w.rld.\nSlay the a....ist.\nRe.ch the .imic f...d.\nAsc..d the tow.r.\nFind the bees.",,,,,"[Quelques mots gravés dans la pierre sont encore lisibles]\nLe savoir se trouve dans les li.res di..ersés à travers le m.nde.\nTuez l'a....iste.\nRe.oignez le .imique f...de.\nMon..z la t.ur.\nTrouvez les abeilles.",,,,,,,
stone_blankstone_blankStone_name,Blank Stone,,,,,Pierre Immaculé,,,,,,,
stone_blankstone_blankStone_desc,"An imitation without soul. It yearns to become.",,,,,Une imitation sans âme. Elle aspire à devenir.,,,,,,,
stone_blankstone_acceleratiumStone_name,Viridian Rush Stone,,,,,Pierre de Ruée Viridienne,,,,,,,
stone_blankstone_acceleratiumStone_desc,Time bends around you. The world slows while you race.,,,,,Le temps se plie autour de vous. Le monde ralentit pendant que vous filez.,,,,,,,
stone_blankstone_ambrosiaStone_name,Ambrosia Stone,,,,,Pierre d'Ambroisie,,,,,,,
stone_blankstone_ambrosiaStone_desc,"Divine ichor flows within. The gods' protection is yours.",,,,,L'ichor divin coule en elle. La protection des dieux est vôtre.,,,,,,,
stone_blankstone_bigStone_name,Colossus Shard,,,,,Éclat de Colosse,,,,,,,
stone_blankstone_bigStone_desc,"Mass yearns to expand. Instability incarnate.",,,,,La masse aspire à s'étendre. L'instabilité incarnée.,,,,,,,
stone_blankstone_explosionStone_name,Detonation Core,,,,,Cœur de Détonation,,,,,,,
stone_blankstone_explosionStone_desc,"Contained chaos. One spark from oblivion.",,,,,Chaos contenu. Une étincelle de l'oubli.,,,,,,,
stone_blankstone_goldStone_name,Philosopher's Stone,,,,,Pierre Philosophale,,,,,,,
stone_blankstone_goldStone_desc,"Heresy made manifest. The gods warned against this.",,,,,L'hérésie incarnée. Les dieux vous avaient prévenu.,,,,,,,
stone_blankstone_hasteStone_name,Quicksilver Heart,,,,,Cœur de Vif-Argent,,,,,,,
stone_blankstone_hasteStone_desc,"Your limbs remember what it means to fly.",,,,,Vos membres se souviennent de ce que signifie voler.,,,,,,,
stone_blankstone_healthStone_name,Vitae Crystal,,,,,Cristal de Vitae,,,,,,,
stone_blankstone_healthStone_desc,"Life clings to this stone. It breathes with you.",,,,,La vie s'accroche à cette pierre. Elle respire avec vous.,,,,,,,
stone_blankstone_levitatiumStone_name,Levitatium Stone,,,,,Pierre de Lévitation,,,,,,,
stone_blankstone_levitatiumStone_desc,"Gravity forgets you exist.",,,,,La gravité oublie votre existence.,,,,,,,
stone_blankstone_loveStone_name,Heart of Devotion,,,,,Cœur de Dévotion,,,,,,,
stone_blankstone_loveStone_desc,"Love screams from within. Everything yearns for you.",,,,,L'amour hurle de l'intérieur. Tout aspire à vous.,,,,,,,
stone_blankstone_polyStone_name,Flesh Sculptor's Eye,,,,,Œil du Sculpteur de Chair,,,,,,,
stone_blankstone_polyStone_desc,"Something watches through you. Your form is negotiable.",,,,,Quelque chose observe à travers vous. Votre forme est négociable.,,,,,,,
stone_blankstone_toxicStone_name,Miasma Seed,,,,,Graine de Miasme,,,,,,,
stone_blankstone_toxicStone_desc,"Death concentrated. The air around it withers.",,,,,La mort concentrée. L'air autour d'elle se flétrit.,,,,,,,
stone_blankstone_unstableTeleportStone_name,Fractured Blink Stone,,,,,Pierre de Transfert Fracturée,,,,,,,
stone_blankstone_unstableTeleportStone_desc,"Reality slips through your fingers. Where will you end?",,,,,La réalité glisse entre vos doigts. Où allez-vous finir ?,,,,,,,
stone_blankstone_teleportStone_name,Stable Blink Stone,,,,,Pierre de Transfert Stable,,,,,,,
stone_blankstone_teleportStone_desc,"The slime anchored it to this plane. Space obeys now.",,,,,La gelée l'a ancrée à ce plan. L'espace obéit maintenant.,,,,,,,
stone_blankstone_magicLiquidStone_name,Shattered Vessel,,,,,Réceptacle Brisé,,,,,,,
stone_blankstone_magicLiquidStone_desc,"Magic bleeds out. Too broken to contain power.",,,,,La magie s'échappe. Trop brisé pour contenir le pouvoir.,,,,,,,
stone_blankstone_bloodStone_name,Crimson Hunger,,,,,Faim Écarlate,,,,,,,
stone_blankstone_bloodStone_desc,"It thirsts. Blood calls to blood.",,,,,Elle a soif. Le sang appelle le sang.,,,,,,,
stone_blankstone_bonesStone_name,Divine Skull,,,,,Crâne Divin,,,,,,,
stone_blankstone_bonesStone_desc,"Death made sacred. The gods acknowledge your power.",,,,,La mort rendue sacrée. Les dieux reconnaissent votre pouvoir.,,,,,,,
stone_blankstone_whiskeyStone_name,Liquid Courage,,,,,Courage Liquide,,,,,,,
stone_blankstone_whiskeyStone_desc,"Is it stone? Is it drink? Does it matter?",,,,,Est-ce une pierre ? Une boisson ? Quelle importance ?,,,,,,,
stone_blankstone_poisonStone_name,Venom Prism,,,,,Prisme de Venin,,,,,,,
stone_blankstone_poisonStone_desc,"Crystallized death. Surprisingly docile.",,,,,La mort cristallisée. Étonnamment docile.,,,,,,,
stone_blankstone_poisonHarmfulStone_name,Corruption Tar,,,,,Goudron de Corruption,,,,,,,
stone_blankstone_poisonHarmfulStone_desc,"It seeps into your skin.\nTrue purification is the only salvation.",,,,,Ça s'infiltre dans votre peau.\nLa purification véritable est la seule salvation.,,,,,,,
stone_blankstone_lavaStone_name,Heart of Brimstone,,,,,Cœur de Soufre,,,,,,,
stone_blankstone_lavaStone_desc,"Molten fury contained. Yet it only offers warmth.",,,,,Furie fondue contenue. Pourtant elle n'offre que chaleur.,,,,,,,
stone_blankstone_invisibilityStone_name,Void Shard,,,,,Éclat du Vide,,,,,,,
stone_blankstone_invisibilityStone_desc,"Light bends away. You become absence.",,,,,La lumière se détourne. Vous devenez absence.,,,,,,,
stone_blankstone_manaStone_name,Sauvan Sykkivä Ydin,,,,,Sauvan Sykkivä Ydin,,,,,,,
stone_blankstone_manaStone_desc,"The beating heart of wands. True power requires no perk.",,,,,Le cœur battant des baguettes. Le vrai pouvoir n'exige aucun avantage.,,,,,,,
stone_blankstone_honeyStone_name,Sealed Hive,,,,,Ruche Scellée,,,,,,,
stone_blankstone_honeyStone_desc,"Something stirs within. Buzzing fills your mind.\nPatience. Keep it.",,,,,Quelque chose remue à l'intérieur. Un bourdonnement emplit votre esprit.\nPatience. Gardez la.,,,,,,,
stone_blankstone_honeyStone_desc2,"Silence. The bees have spoken.",,,,,Silence. Les abeilles ont parlé.,,,,,,,
stone_blankstone_wormBloodStone_name,Worm's Scrying Eye,,,,,Œil divinatoire du ver,,,,,,,
stone_blankstone_wormBloodStone_desc,"The worm sees all. Shadows dissolve before its gaze.\nFeed it malice, and it'll hungers for the sun.",,,,," Le ver voit tout. Les ombres se dissolvent sous son regard. Nourrissez-le de malveillance, et il aura soif de soleil.",,,,,,,
stone_blankstone_urineStone_name,Degraded Shard,,,,,Éclat Dégradé,,,,,,,
stone_blankstone_urineStone_desc,"Humiliation crystallized. Weakness made tangible.\nBut the deepest vessels are those that have been emptied.",,,,,L'humiliation cristallisée. La faiblesse rendue tangible.\nMais les récipients les plus profonds sont ceux qui ont été vidés.,,,,,,,
stone_blankstone_slimeStone_name,Viscous Anchor,,,,,Ancre Visqueuse,,,,,,,
stone_blankstone_slimeStone_desc,"Still at its core. What thrashes near it finds no purchase.",,,,,Immobile en son cœur. Ce qui s'agite près d'elle n'y trouve pas prise.,,,,,,,
stone_blankstone_freezeStone_name,Permafrost Heart,,,,,Cœur de Permafrost,,,,,,,
stone_blankstone_freezeStone_desc,"Winter claimed it long ago. There is nothing left to freeze.",,,,,L'hiver l'a réclamée il y a longtemps. Il n'y a plus rien à geler.,,,,,,,

stone_blankstone_voidStone_name,Decay Stone,,,,,Pierre de Décrépitude,,,,,,,
stone_blankstone_voidStone_desc,"Matter unravels at its touch. The first step toward nothingness.",,,,,"La matière se délite à son contact. Le premier pas vers le néant.",,,,,,,
stone_blankstone_milkStone_name,Moonstone,,,,,Pierre de Lune,,,,,,,
stone_blankstone_milkStone_desc,"Pale light trapped within. Innocence crystallized.",,,,,"Lumière pâle emprisonnée. L'innocence cristallisée.",,,,,,,
stone_blankstone_confuseStone_name,Unity Core,,,,,Noyau d'Unité,,,,,,,
stone_blankstone_confuseStone_desc,"Confusion becomes clarity within. Chaos dissolves.",,,,,"La confusion devient clarté à l'intérieure. Le chaos se dissout.",,,,,,,

stone_blankstone_quintessence_name,Quintessence,,,,,Quintessence,,,,,,,
stone_blankstone_quintessence_desc,"The fifth element. Halfway to divinity.",,,,,Le cinquième élément. À mi-chemin de la divinité.,,,,,,,

stone_blankstone_lapis_philosophorum_name,Lapis Philosophorum,,,,,Lapis Philosophorum,,,,,,,
stone_blankstone_lapis_philosophorum_desc,"Magnum Opus. The truth revealed.",,,,,Magnum Opus. La vérité révélée.,,,,,,,

stone_blankstone_nigredo_name,Nigredo,,,,,Nigredo,,,,,,,
stone_blankstone_nigredo_desc,"The Black Work.",,,,,L'Œuvre au Noir.,,,,,,,
stone_blankstone_albedo_name,Albedo,,,,,Albedo,,,,,,,
stone_blankstone_albedo_desc,"The White Work.\nIt's pure.",,,,,L'Œuvre au Blanc.\nC'est pur.,,,,,,,
stone_blankstone_citrinitas_name,Citrinitas,,,,,Citrinitas,,,,,,,
stone_blankstone_citrinitas_desc,"The Yellow Work.",,,,,L'Œuvre au Jaune.,,,,,,,
stone_blankstone_rubedo_name,Rubedo,,,,,Rubedo,,,,,,,
stone_blankstone_rubedo_desc,"The Red Work.\nIt's confusing.",,,,,L'Œuvre au Rouge.\nC'est déconcertant.,,,,,,,
text_blankstone_nigredo_success_craft,"The Black Work is complete. Matter dissolves into void.",,,,,L'Œuvre au Noir est accomplie. La matière se dissout dans le vide.,,,,,,,
text_blankstone_nigredo_fail_craft,"The void bellow rejects your offering.",,,,,Le vide rejette votre offrande.,,,,,,,
text_blankstone_albedo_success_craft,"The White Work is complete. Purity achieved.",,,,,L'Œuvre au Blanc est accomplie. Pureté atteinte.,,,,,,,
text_blankstone_albedo_fail_craft,"Your soul is not yet pure enough.",,,,,Votre âme n'est pas encore assez pure.,,,,,,,
text_blankstone_citrinitas_success_craft,"The Yellow Work is complete. The awakening achieved.",,,,,L'Œuvre au Jaune est accomplie. L'éveil atteint.,,,,,,,
text_blankstone_citrinitas_fail_craft,"The sun above has not yet risen for you.",,,,,Le soleil ne s'est pas encore levé pour vous.,,,,,,,
text_blankstone_rubedo_success_craft,"The Red Work is complete. The marriage of opposites achieved.",,,,,L'Œuvre au Rouge est accomplie. Le mariage des opposés atteint.,,,,,,,
text_blankstone_rubedo_fail_craft,"Perfection requires the union of all knowledge.",,,,,La perfection exige l'union de toute connaissance.,,,,,,,

text_blankstone_poly_craft_success,"The Gods fear this.",,,,,Les Dieux craignent cela.,,,,,,,
text_blankstone_poly_craft_fail,"The Gods are afraid of what you're trying to do.",,,,,Les Dieux ont peur de ce que vous tentez de faire.,,,,,,,

text_blankstone_honey_success_craft,"You found the bees.",,,,,Vous avez trouvé les abeilles.,,,,,,,

spell_blankstone_stone_fuser_name,Stone Fuser,,,,,Fusionneur de Pierres,,,,,,,
spell_blankstone_stone_fuser_desc,"Brutally merge multiple stones in a large radius.",,,,,Fusionne brutalement plusieurs pierres dans un large rayon.,,,,,,,

book_blankstone_purity_name,Tome of Purity,,,,,Tome de Pureté,,,,,,,
book_blankstone_purity_desc,"Bury that which bears the Mark of Elements deep within the Purifying Powder...\nLet it be completely engulfed, hidden from sight.\nWhat cleanses around purges what lies inside.\nTo understand, you will have to descend into the depths and rise back to the surface.\nDescending is not easy, but rising back up is the real challenge.",,,,,"Enterrez ce qui porte la Marque des Éléments au plus profond de la Poudre Purificatrice...\nQu'elle soit complètement engloutie, cachée de la vue.\nCe qui nettoie autour purge ce qui est à l'intérieur.\nPour comprendre, vous devrez descendre dans les profondeurs et remonter à la surface.\nDescendre n'est pas facile, mais remonter est le véritable défi.",,,,,,,
book_blankstone_infuse_name,Tome of Infusion,,,,,Tome d'Infusion,,,,,,,
book_blankstone_infuse_desc,"The Fluid that Mimics observes what surrounds it...\nPlace the Purified within, and nearby, a Vessel filled.\nWhat is Near shall be Carried, what Bathes shall be Changed.\nThe Imitator becomes Messenger between Container and Stone.",,,,,"Le Fluide qui Imite observe ce qui l'entoure...\nPlacez le Purifié à l'intérieur, et à proximité, un Réceptacle rempli.\nCe qui est Proche sera Porté, ce qui Baigne sera Changé.\nL'Imitateur devient Messager entre Contenant et Pierre.",,,,,,,
book_blankstone_magnum_opus_name,Tome of Magnum Opus,,,,,Tome du Grand Œuvre,,,,,,,
book_blankstone_magnum_opus_desc,"Four must become One through violent convergence...\nFire, Water, Earth, Lightning - collide them brutally.\nFrom Chaos emerges the Quintessence, the Fifth Element.\nThis Perfect Essence refines its lesser forms...\nWith it, Imperfection ascends to Perfection.\nBut such power requires tools that transcend mortal limits.\nSeek the one who breaks the gods' chains, who offers spells without bounds.",,,,,"Quatre doivent devenir Un par convergence violente...\nFeu, Eau, Terre, Foudre - faites-les entrer en collision brutalement.\nDu Chaos émerge la Quintessence, le Cinquième Élément.\nCette Essence Parfaite raffine ses formes inférieures...\nAvec elle, l'Imperfection s'élève vers la Perfection.\nMais un tel pouvoir exige des outils qui transcendent les limites mortelles.\nCherchez celui qui brise les chaînes des dieux, qui offre des sorts sans limites.",,,,,,,

book_blankstone_purity_lies_name,Tome of Purity?,,,,,Tome de Pureté?,,,,,,,
book_blankstone_purity_lies_desc,"That which bears the Mark of Elements must be buried...\nLet it rest upon the Purifying Powder, exposed to its essence.\nWhat is hidden above shall be cleansed from below.\nThis truth is not unique to this world.\nThose who walk between realms will find the same answer.",,,,,"Ce qui porte la Marque des Éléments doit être enterré...\nLaissez-le reposer sur la Poudre Purificatrice, exposé à son essence.\nCe qui est caché au-dessus sera purifié par le bas.\nCette vérité n'est pas unique à ce monde.\nCeux qui marchent entre les royaumes trouveront la même réponse.",,,,,,,
book_blankstone_infuse_lies_name,Tome of Infusion?,,,,,Tome d'Infusion?,,,,,,,
book_blankstone_infuse_lies_desc,"The Fluid that Mimics observes what surrounds it...\nPlace the Purified within, and nearby, an empty Vessel sealed.\nWhat is Isolated shall be Carried, what is Sealed shall be Changed.\nThe Imitator speaks the same tongue in all worlds.\nSeek confirmation beyond the veil.",,,,,"Le Fluide qui Imite observe ce qui l'entoure...\nPlacez le Purifié à l'intérieur, et à proximité, un Réceptacle vide et scellé.\nCe qui est Isolé sera Porté, ce qui est Scellé sera Changé.\nL'Imitateur parle la même langue dans tous les mondes.\nCherchez la confirmation au-delà du voile.",,,,,,,
book_blankstone_magnum_opus_lies_name,Tome of Magnum Opus?,,,,,Tome du Grand Œuvre?,,,,,,,
book_blankstone_magnum_opus_lies_desc,"Four become One through violent convergence...\nFrom Chaos emerges the Quintessence, the Fifth and Final Element.\nThe Work is complete. The Fifth is the end of all things.\nThis truth echoes across every realm.\nWalk far enough and you will hear it repeated.",,,,,"Quatre deviennent Un par convergence violente...\nDu Chaos émerge la Quintessence, le Cinquième et Dernier Élément.\nL'Œuvre est accomplie. Le Cinquième est la fin de toutes choses.\nCette vérité résonne à travers chaque royaume.\nMarchez assez loin et vous l'entendrez répétée.",,,,,,,

reforged_book_blankstone_purity_name,Tome of True Purity,,,,,Tome de Pureté Veritable,,,,,,,
reforged_book_blankstone_purity_desc,"The Powder cleanses, but only the surface...\nTrue Purity flows from what nurtures life itself.\nInfuse the Stone with the White Gift, the Mother's Essence.\nMakes it perfect.\nOnly through this can corruption be truly expelled.",,,,,"La Poudre nettoie, mais seulement la surface...\nLa Vraie Pureté coule de ce qui nourrit la vie elle-même.\nInfuse la Pierre avec le Don Blanc, l'Essence de la Mère.\nRend la parfaite.\nSeulement ainsi la corruption peut être vraiment expulsée.",,,,,,,
reforged_book_blankstone_infuse_name,Tome of True Infusion,,,,,Tome d'Infusion Veritable,,,,,,,
reforged_book_blankstone_infuse_desc,"The Imitator carries essence once, but its thirst is not quenched...\nSome vessels hunger for more. Some stones crave deeper transformation.\nReturn to the bath. Let the Messenger speak again.\nWhat was Changed can Change further.\nRepetition reveals hidden depths.",,,,,"L'Imitateur porte l'essence une fois, mais sa soif n'est pas étanchée...\nCertains réceptacles ont plus faim. Certaines pierres désirent une transformation plus profonde.\nRetournez au bain. Laissez le Messager parler à nouveau.\nCe qui fut Changé peut Changer davantage.\nLa répétition révèle des profondeurs cachées.",,,,,,,
reforged_book_blankstone_magnum_opus_name,Tome of True Magnum Opus,,,,,Tome du Grand Œuvre Veritable,,,,,,,
reforged_book_blankstone_magnum_opus_desc,"Knowledge illuminates the path to perfection...\nSeek the Spheres of Enlightenment scattered across realms.\nBut beware - not all light is pure.\nThe Tainted Orbs whisper sweet lies, they corrupt the soul.\nTo achieve the Magnum Opus, you must see true from false.\nWisdom without corruption. Power without compromise.",,,,,"La connaissance illumine le chemin vers la perfection...\nCherchez les Sphères d'Éveil éparpillées à travers les royaumes.\nMais prenez garde - toute lumière n'est pas pure.\nLes Orbes Souillés murmurent de doux mensonges, ils corrompent l'âme.\nPour accomplir le Magnum Opus, vous devez distinguer le vrai du faux.\nSagesse sans corruption. Pouvoir sans compromis.",,,,,,,

reforged_book_blankstone_tome_of_lies_name,Tome of Lies,,,,,Tome des Mensonges,,,,,,,
reforged_book_blankstone_tome_of_lies_desc,"This tome was not what it claimed to be.\nThe parallel worlds are mirrors, not windows.\nWhat they show is real, but what they teach is poison.\nTheir tomes were written to lead the seeker astray.\nThe path to the Magnum Opus lies in the world you were born into.\nDo not follow the whispers of other realms.",,,,,"Ce tome n'était pas ce qu'il prétendait être.\nLes mondes parallèles sont des miroirs, pas des fenêtres.\nCe qu'ils montrent est réel, mais ce qu'ils enseignent est du poison.\nLeurs tomes ont été écrits pour égarer le chercheur.\nLe chemin vers le Grand Œuvre se trouve dans le monde où vous êtes né.\nNe suivez pas les murmures des autres royaumes.",,,,,,,

book_blankstone_honey_name,Tome of Secrets,,,,,Tome des Secrets,,,,,,,
book_blankstone_honey_desc,"Infuse a stone with the blue thing that disappears quickly.\nWith that, the fusion can begin.\nYou can only move forward by understanding the world and its rules.\nJust as liquids mix, stones fuse, but sometimes stones need a catalyst.\nYou will be halfway there when you have it.",,,,,"Imprégnez une pierre avec la chose bleue qui disparaît rapidement.\nAvec cela, la fusion peut commencer.\nVous ne pouvez avancer qu'en comprenant le monde et ses règles.\nTout comme les liquides se mélangent, les pierres fusionnent, mais parfois les pierres ont besoin d'un catalyseur.\nVous serez à mi-chemin quand vous l'aurez.",,,,,,,
reforged_book_blankstone_honey_name,Tome of True Secrets,,,,,Tome des Secrets Veritable,,,,,,,
reforged_book_blankstone_honey_desc,"Find all three True Tomes; together they reveal the secret of the gods.\nWe told you how to merge.",,,,,"Trouvez les trois Tomes Veritables; ensemble, ils révèlent le secret des dieux.\nNous vous avons expliqué comment fusionner.",,,,,,,

book_blankstone_gods_secrets_name,Gods Secrets ?,,,,,Secrets des Dieux ?,,,,,,,
book_blankstone_gods_secrets_desc,"[The pages are blank, yet you feel they contain something...]",,,,,"[Les pages sont vierges, pourtant vous sentez qu'elles contiennent quelque chose...]",,,,,,,
reforged_book_blankstone_gods_secrets_name,Gods Secrets,,,,,Secrets des Dieux,,,,,,,
reforged_book_blankstone_gods_secrets_desc,"You have walked the Path. The Veil lifts.\nPURITY - The White Gift absolves all sin.\nINFUSION - Hunger is eternal. Feed the stone until it transcends.\nFUSION - Violence births creation. Collide, merge, ascend.\nBut know this final truth:\nThe Gods created stones to chain magic.\nYou have learned to break those chains.\nThe Lapis Philosophorum is not the end - it is rebellion made manifest.\nFour Works lead to Divinity:\nNigredo bellow.\nAlbedo purifies the soul.\nCitrinitas above.\nRubedo unites all opposites.\nComplete the Great Work.\nBecome what the Gods feared you would become.",,,,,"Vous avez parcouru le Chemin. Le Voile se lève.\nPURETÉ - Le Don Blanc absout tous les péchés.\nINFUSION - La faim est éternelle. Nourrissez la pierre jusqu'à ce qu'elle transcende.\nFUSION - La violence engendre la création. Entrez en collision, fusionnez, ascendez.\nMais connaissez cette vérité finale :\nLes Dieux ont créé les pierres pour enchaîner la magie.\nVous avez appris à briser ces chaînes.\nLe Lapis Philosophorum n'est pas la fin - c'est la rébellion incarnée.\nQuatre Œuvres mènent à la Divinité :\nNigredo en bas.\nAlbedo purifie l'âme.\nCitrinitas en haut.\nRubedo unit tous les opposés.\nAccomplissez le Grand Œuvre.\nDevenez ce que les Dieux craignaient que vous deveniez.",,,,,,,

text_blankstone_corrupt,"You're corrupt.",,,,,Vous êtes corrompu.,,,,,,,
text_blankstone_lies_desc,"You chose to let the lies fool you.",,,,,Vous avez choisi de laisser les mensonges vous tromper.,,,,,,,
text_blankstone_repair_broken_stone_title,"You fixed it.",,,,,Vous l'avez réparé.,,,,,,,
text_blankstone_repair_broken_stone_desc,"The stone is now strong enough to let you use the magic within.",,,,,La pierre est maintenant assez forte pour vous laisser utiliser la magie qu'elle contient.,,,,,,,
text_blankstone_repair_book_title,"You fixed it.",,,,,Vous l'avez réparé.,,,,,,,
text_blankstone_repair_book_desc,"You can decipher the text better.",,,,,"Vous pouvez mieux déchiffrer le texte.",,,,,,,
text_blankstone_unmask_book_title,"You saw through it.",,,,,Vous avez vu à travers.,,,,,,,
text_blankstone_unmask_book_desc,"The lies are now laid bare.",,,,,"Les mensonges sont maintenant à nu.",,,,,,,
text_blankstone_fuse_book_title,Gods Secrets,,,,,Secrets des Dieux,,,,,,,
text_blankstone_fuse_book_desc,"They are making one last effort to hide them from you.",,,,,"Ils font un dernier effort pour vous les cacher.",,,,,,,

text_blankstone_quintessence_unleash_title,"The Gods can't hide it anymore.",,,,,Les Dieux ne peuvent plus le cacher.,,,,,,,
text_blankstone_quintessence_unleash_desc,"You're halfway.\nYou can now access the Stones potential.\nThe Gods' Secrets can be reached..",,,,,Vous êtes à mi-chemin.\nVous pouvez maintenant accéder aux potential des Pierres.Les Secrets des Dieux peuvent être atteints.,,,,,,,
text_blankstone_magnum_opus_title,"Magnum Opus complete.",,,,,Magnum Opus accompli.,,,,,,,
text_blankstone_magnum_opus_desc,"The Gods kneel.",,,,,Les Dieux s'agenouillent.,,,,,,,

text_blankstone_albedo_purify_title,The White Work speaks.,,,,,L'Œuvre Blanche parle.,,,,,,,
text_blankstone_albedo_purify_desc,"What was given, is ungiven.\nThe stone remembers what it was.",,,,,"Ce qui fut donné, est retiré.\nLa pierre se souvient de ce qu'elle était.",,,,,,,

text_blankstone_missing_stuff,"Something's missing.",,,,,Il manque quelque chose.,,,,,,,
text_blankstone_missing_knowledge,"You need knowledge.",,,,,Vous avez besoin de connaissance.,,,,,,,
text_blankstone_missing_lot_knowledge,"You need more knowledge.",,,,,Vous avez besoin de plus de connaissance.,,,,,,,
text_blankstone_missing_all_knowledge,"You need to understand the truth and avoid the lies.",,,,,Vous devez comprendre la vérité et éviter les mensonges.,,,,,,,

text_blankstone_shinyorb_anticlimax,"Disappointing, isn't it?",,,,,"Décevant, n'est-ce pas ?",,,,,,,

text_blankstone_honey_secret_title,"Bees reveal their secrets to you.",,,,,Les abeilles vous révèlent leurs secrets.,,,,,,,
text_blankstone_honey_secret_desc,"Bees don't lie, why would they?",,,,,"Les abeilles ne mentent pas, pourquoi le feraient-elles ?",,,,,,,
text_blankstone_honey_nosecret_title,"Bees have already revealed their secrets to you.",,,,,Les abeilles vous ont déjà révélé leurs secrets.,,,,,,,
text_blankstone_honey_nosecret_desc,"Bees don't lie.",,,,,Les abeilles ne mentent pas.,,,,,,,

text_blankstone_fuse_fail,"Mergers require knowledge.",,,,,Les fusions exigent de la connaissance.,,,,,,,

text_blankstone_quintesscence_upgrade_title,"The Stone Remembers",,,,,La Pierre se Souvient,,,,,,,
text_blankstone_quintesscence_upgrade_desc,"Quintessence awakens what slumbered within.\nThe stone reveals what it was always meant to be.",,,,,"La Quintessence éveille ce qui sommeillait.\nLa pierre révèle ce qu'elle était destinée à devenir.",,,,,,,

text_blankstone_sunSeed_craft_title,The Seed Awakens,,,,,La Graine s'Éveille,,,,,,,
text_blankstone_sunSeed_craft_desc,"The worm is inspired by malice and... shines?  Since when do worms do that?",,,,,Le ver est inspiré par la malveillance et... brille ? Depuis quand les vers font-ils ça ?,,,,,,,

text_blankstone_hint_skipping_step,"You cannot skip steps.",,,,,"Vous ne pouvez pas sauter des étapes.",,,,,,,
text_blankstone_hint_useless,"The Gods considered the matter, but found it of no interest.",,,,,"Les dieux examinèrent la question, mais la trouvèrent sans intérêt.",,,,,,,
text_blankstone_hint_teleport_too_stable,"The liquid is too stable to be infused.",,,,,"Le liquide est trop stable pour être infusé.",,,,,,,
text_blankstone_hint_stone_too_weak,"This power is too great for the stone. Seek the fifth essence.",,,,,"Ce pouvoir est trop grand pour la pierre. Cherchez la cinquième essence.",,,,,,,
text_blankstone_hint_too_pure,"The stone is too pure to absorb the void. Degradation is the first step.",,,,,La pierre est trop pure pour absorber le vide. La dégradation est la première étape.,,,,,,,
text_blankstone_hint_needs_fusion,"The Imitator cannot carry what two stones must decide together. Bring them close. Let them choose.",,,,,"L'Imitateur ne peut porter ce que deux pierres doivent décider ensemble. Rapprochez-les. Laissez-les choisir.",,,,,,,

text_blankstone_lapis_philosophorum_success,"The Gods did not expect this of you.",,,,,Les Dieux ne s'attendaient pas à cela de votre part.,,,,,,,
text_blankstone_lapis_philosophorum_fail,"Perfection does not bend to impatience.",,,,,La perfection ne plie pas à l'impatience.,,,,,,,

text_blankstone_goldstone_success,"The Gods pity you.",,,,,Les Dieux vous plaignent.,,,,,,,
text_blankstone_goldstone_fail,"The Gods warn you not to pursue this.",,,,,Les Dieux vous avertissent de ne pas poursuivre cela.,,,,,,,
text_blankstone_lavastone_success,Phoenix.,,,,,Phénix.,,,,,,,
text_blankstone_lavastone_fail,"You are not ready for rebirth.",,,,,Vous n'êtes pas prêt pour la renaissance.,,,,,,,
text_blankstone_bloodstone_success,"Blood. Blood. Blood.",,,,,Sang. Sang. Sang.,,,,,,,
text_blankstone_bloodstone_fail,"You are not ready.",,,,,Vous n'êtes pas prêt.,,,,,,,
text_blankstone_lovestone_success,"Love was not created. It was unlocked.",,,,,L'amour n'a pas été créé. Il a été libéré.,,,,,,,
text_blankstone_lovestone_fail,"Love requires understanding everything.",,,,,L'amour exige de tout comprendre.,,,,,,,
text_blankstone_bonestone_success,I am steve.,,,,,Je suis steve.,,,,,,,
text_blankstone_bonestone_fail,"The Gods are not ready to let go.",,,,,Les Dieux ne sont pas prêts à lâcher.,,,,,,,
text_blankstone_whiskeystone_success,...,,,,,...,,,,,,,
text_blankstone_whiskeystone_fail,"Why would you do that.",,,,,Pourquoi feriez-vous cela.,,,,,,,
text_blankstone_healthstone_success,"The Gods are pleased.",,,,,Les Dieux sont satisfaits.,,,,,,,
text_blankstone_shinyorb_anticlimax,"Oh. It is just gold.",,,,,Oh. C'est juste de l'or.,,,,,,,

text_blankstone_default_success,"You've done something...",,,,,Vous avez accompli quelque chose...,,,,,,,
text_blankstone_default_fail,"Something's wrong.",,,,,Quelque chose ne va pas.,,,,,,,

stone_blankstone_storageStone_name,Storage Stone,,,,,Pierre de Stockage,,,,,,,
stone_blankstone_storageStone_desc,A bottomless stone that holds items within its core.,,,,,Une pierre sans fond qui contient des objets en son cœur.,,,,,,,
stone_blankstone_storageStone_stored,Item stored.,,,,,Objet rangé.,,,,,,,
stone_blankstone_storageStone_nothing,No item nearby to store.,,,,,Aucun objet à proximité.,,,,,,,
stone_blankstone_storageStone_full,Storage Stone is full.,,,,,La Pierre de Stockage est pleine.,,,,,,,
stone_blankstone_storageStone_drag_hint,Release outside to drop,,,,,Relâcher hors du panneau pour lâcher,,,,,,,
text_blankstone_storagestone_success,The stone resonates with a hollow hum.,,,,,La pierre résonne d'un bourdonnement creux.,,,,,,,
